structure,T_K,replicas,t_total_ps,D_int_tot_cm2s_mean,D_int_tot_cm2s_std,D_int_xy_cm2s_mean,D_int_xy_cm2s_std,D_int_z_cm2s_mean,D_int_z_cm2s_std,alpha_int_mean,alpha_int_std,N_eff_hops_mean,N_eff_hops_std,RSD_D_est_mean,RSD_D_est_std,n_li_interior_stay_mean,n_li_interior_stay_std,n_li_llzo_drift_mean,n_li_llzo_drift_std,slab_thick_drift_A_mean,slab_thick_drift_A_std,E_per_atom_drift_meV_mean,E_per_atom_drift_meV_std,framework_rms_A_mean,framework_rms_A_std,n_int_cm3_mean,n_int_cm3_std,j0_tres0_mean,j0_tres0_std,jumps_tres0_mean,Rct_tres0_mean,j0_tres10_mean,j0_tres10_std,jumps_tres10_mean,Rct_tres10_mean,j0_tres20_mean,j0_tres20_std,jumps_tres20_mean,Rct_tres20_mean,j0_tres50_mean,j0_tres50_std,jumps_tres50_mean,Rct_tres50_mean,j0_tres100_mean,j0_tres100_std,jumps_tres100_mean,Rct_tres100_mean,j0_tres200_mean,j0_tres200_std,jumps_tres200_mean,Rct_tres200_mean,j0_tres500_mean,j0_tres500_std,jumps_tres500_mean,Rct_tres500_mean
seed1_420at_Li100_LLZO110_vac1pfu,500.0,5,1094.0,6.24550319526545e-09,1.0917440854268037e-08,4.8505887799268465e-09,9.66040480059276e-09,9.035332025942658e-09,1.3859126860525824e-08,0.10907922965016703,0.17265831418828462,1.122796877987079,0.6390573030370728,3.769425844997045,0.8400229023641912,31.0,0.7071067811865476,0.3643101575001563,0.4689645469655834,0.004953959446786801,0.04669175723690465,-0.04587979384404844,0.24419317400022164,0.6813712224925456,0.389668288450071,2.6124807049957178e+22,6.283061172597537e+20,93710.40576230246,30695.680658032594,13.8,4.5978529235365636e-07,88296.976487137,26618.96127585893,13.0,4.879744247672718e-07,88296.976487137,26618.96127585893,13.0,4.879744247672718e-07,82856.15131483001,24964.58812141331,12.2,5.200177129430356e-07,65207.714376259224,13170.9625551041,9.6,6.607602600726481e-07,47518.18359197614,17878.929582529046,7.0,9.067406001873261e-07,nan,nan,0.0,inf
seed1_420at_Li100_LLZO110_vac1pfu,600.0,5,954.0,5.7121234779537075e-08,4.2979123261053695e-08,5.125338508749397e-08,4.37714641018884e-08,6.885693416362326e-08,4.375071894623092e-08,0.46916968479761856,0.16788387109491906,4.417463872538913,2.579342613534599,1.9344412984068349,0.5096204712380316,31.2,0.8366600265340756,1.0130364139320123,0.6673690797652796,0.08072486748011462,0.15339523844931938,-0.8369375937057351,0.8824883997567424,1.5085952906964977,1.1369398276756393,2.588462859762961e+22,4.295803997718298e+20,230944.79862333927,66300.97041214466,29.2,2.238803379864248e-07,213554.51123423697,67041.1926339434,27.0,2.4211148372926924e-07,188311.863079133,70021.85459680716,23.8,2.745658118749151e-07,155068.34615299673,69276.76285909546,19.6,3.3342716843698545e-07,120287.77137479212,47443.28590014617,15.2,4.2983587592541643e-07,79117.63968013888,22449.06397005193,10.0,6.535078622293557e-07,nan,nan,0.0,inf
seed1_420at_Li100_LLZO110_vac1pfu,700.0,5,954.0,9.158348836103321e-08,6.48604925027105e-08,8.453287130139254e-08,6.825786665913275e-08,1.0568472248031451e-07,6.953205565716922e-08,0.5029960297892984,0.2996084138167657,6.632721927393088,4.064722926250022,1.8499409494668193,1.102055731533167,30.8,1.3038404810405297,1.3983731362144443,1.1682068960747807,0.01770978363411325,0.07623716121526468,-0.6889148284557332,0.6162651250038819,0.9768793744326502,0.1822282869442126,2.538503016646906e+22,5.410684202195344e+20,480816.9424878492,96856.26167815395,60.8,1.254559220020089e-07,449277.55491944094,93326.72543528539,56.8,1.342629565476871e-07,401792.1203108545,85630.96999953697,50.8,1.5013070138690423e-07,324397.1734890725,91450.13302997632,41.0,1.8594900869576154e-07,229426.30427189972,47315.50821403946,29.0,2.6292247972800647e-07,137640.93176263673,12586.639340320206,17.4,4.3825141301734855e-07,nan,nan,0.0,inf
seed1_420at_Li100_LLZO110_vac1pfu,800.0,5,954.0,2.470030213605026e-07,1.0647506385407517e-07,2.435565578538526e-07,9.25772372409577e-08,2.5389594837380266e-07,1.599893717417626e-07,0.7388143172006264,0.11244124901708584,16.55803477960398,6.264431560474462,0.9597559315111527,0.22075045722694414,31.0,0.7071067811865476,3.240299424865941,0.36179054532212673,0.02277194984474346,0.11738342999443224,-0.2523649733590472,1.174939145342214,1.573632622952959,0.43751605016985123,2.5346049883058647e+22,5.987256948328004e+20,811139.5853776492,87431.82523497957,102.6,8.498989241648666e-08,722576.8365775539,56336.47121467446,91.4,9.540669255677259e-08,603900.3770573455,71285.04685672141,76.4,1.141556930828902e-07,432904.5473647994,104798.06426660896,54.8,1.5924680513440497e-07,251242.13021091875,75573.78303049688,31.8,2.743913452657232e-07,150085.90258421467,47863.710425712576,19.0,4.593280575257082e-07,nan,nan,0.0,inf
seed2_536at_LLZO100ct_vac0p5pfu,500.0,5,1100.0,1.1566855024958956e-09,2.594713717418524e-09,6.756648993056844e-10,1.6016454730119983e-09,2.1187267088763283e-09,4.5820213461090585e-09,0.03169256985431354,0.0709645887712067,1.0680343010024411,0.36682761242289197,3.6799231275985393,0.49648346705673496,44.6,3.0495901363953815,1.3283764311637973,1.4702341999170037,-0.04642465816988466,0.18459949068644044,-0.22527567458795877,0.3789443474695364,0.37254551552701154,0.07618932802553079,2.4246148086820556e+22,1.2189714102687616e+21,133437.57689684647,38127.07068818268,28.0,3.228975473925761e-07,122962.26293031711,34768.121614296935,25.8,3.5040560642916335e-07,111503.64493979988,35522.501119575514,23.4,3.8641486861942694e-07,101018.8579094556,28538.72411429109,21.2,4.26521019952721e-07,79103.87208003884,21802.26985004296,16.6,5.446846681083332e-07,67664.20021715143,14883.456122898691,14.2,6.36771973535844e-07,28362.353061845686,0.0,1.2,1.5191499173586597e-06
seed2_536at_LLZO100ct_vac0p5pfu,600.0,5,960.0,4.153456234137795e-09,6.14407178887483e-09,3.468485814647986e-09,5.7207740878962346e-09,5.5233970731174185e-09,7.187405622302564e-09,0.08115574656164005,0.11201120878995406,1.5251201961545493,0.5630417110524017,3.1095924428523647,0.5171477417736161,43.4,1.51657508881031,1.3096420610734303,1.2247519943309046,-0.08736162322508167,0.27549219767529876,-1.143848311401738,0.9836099454161092,0.4153961769706106,0.034087335438800645,2.3909394419607778e+22,8.896608879042412e+20,310239.22850640595,63580.00733818923,56.0,1.666584842314111e-07,294715.11087291565,54281.7170076473,53.2,1.7543721941795963e-07,263718.05964033504,59804.575495062585,47.6,1.9605786438181424e-07,209486.01599191886,37243.41381249517,37.8,2.4681360866586217e-07,157372.9913676586,20806.683000393325,28.4,3.2854430180594247e-07,106357.86428127633,6787.883956725172,19.2,4.86132360041214e-07,nan,nan,0.0,inf
seed2_536at_LLZO100ct_vac0p5pfu,700.0,5,960.0,2.0867738091425138e-08,2.031199048197791e-08,1.8035422362419873e-08,1.9783126096989884e-08,2.653236954943567e-08,3.6687472511329406e-08,0.23785002798142701,0.18462723167574127,3.509730259621487,2.3153808959760718,2.2768145436429443,0.7899663722486776,44.4,3.286335345030997,1.164610155507452,0.6999105888064906,0.01066446969805566,0.16065266620369248,-1.1443880755578775,0.6296999943511097,0.552455986230853,0.09198596193049802,2.398082401699336e+22,1.4759038289756212e+21,535454.0982694146,72403.01197177506,96.6,1.126545357089586e-07,505516.55654891196,67981.37886639757,91.2,1.1932612701313873e-07,439079.6798978392,71693.01262810381,79.2,1.3738128999282084e-07,307137.4760217719,67273.91698781699,55.4,1.9639847802136667e-07,210622.30155559667,45671.38009817596,38.0,2.863957538612185e-07,134137.99895182313,25866.57734940803,24.2,4.4969608392372806e-07,nan,nan,0.0,inf
seed2_536at_LLZO100ct_vac0p5pfu,800.0,5,958.0,1.5524621348601588e-07,4.198416957384014e-08,1.4886004826010173e-07,5.021575169478589e-08,1.680185439378442e-07,4.0276227531645476e-08,0.6640978044923493,0.05076808349206517,15.580686500066506,3.4226202910204315,0.9495203768562093,0.09352286185691977,44.4,1.51657508881031,0.3761198566873722,0.5900632095306584,-0.014710347616016006,0.17999279914031296,-0.5511970233361201,0.7499284732267136,0.6763115097941373,0.08304708398243156,2.4530220498901914e+22,7.253828771769292e+20,966303.3854357495,155248.97588209764,174.0,7.134267263786152e-08,844127.0953231836,131301.64185862883,152.0,8.166858578281515e-08,676412.3698050247,103180.97950028851,121.8,1.0191810376837358e-07,449830.8863235386,66987.80531453004,81.0,1.5325463011096175e-07,273230.61243355676,24648.889953452068,49.2,2.5230945201194924e-07,156607.7900533801,28153.39764691875,28.2,4.401994694676561e-07,nan,nan,0.0,inf
seed3_792at_LLZO110ct_vac1pfu,500.0,5,1106.0,8.611201325814361e-09,1.289876953357432e-08,7.095492284323968e-09,1.077477967402553e-08,1.1642619408795148e-08,1.71595116413466e-08,0.14362572408297503,0.1941326574534244,2.749675483396836,1.7407065952152827,2.458546693894667,0.61893117534229,69.2,0.8366600265340756,0.554321439743697,0.736346568983751,0.027131506891643932,0.0727750557386727,-0.6577055695496268,0.5116579821431679,0.4335881143793959,0.046238369871570935,2.3496511917678943e+22,2.4678941849175694e+20,231839.3263315744,24484.424422738393,69.2,1.8584709933282786e-07,212378.93793088765,16656.251202668656,63.4,2.0287636208078816e-07,198975.30403656914,17641.87473012754,59.4,2.1654278413406127e-07,156778.97652339056,18492.713017770922,46.8,2.748242606595388e-07,128648.09151460486,13607.586074882956,38.4,3.3491881459515126e-07,91779.72522058722,14200.604311534718,27.4,4.69457346995142e-07,30918.452347676583,3200.233990004123,7.4,1.3935583135110518e-06
seed3_792at_LLZO110ct_vac1pfu,600.0,5,970.0,2.7723699993206138e-08,1.732542218593537e-08,2.65126963657355e-08,1.544930586025384e-08,3.014570724814743e-08,2.212019351067472e-08,0.3468100078697114,0.1385655124729087,5.822710691656161,2.4417972173533435,1.6136011913989399,0.3190493447392395,71.0,1.5811388300841898,2.0884106992556406,2.3197566637153813,-0.04578912051572307,0.2021612361893575,-1.159064596729578,0.6703563003656818,0.7197744087021487,0.1495242866833019,2.3653158699006893e+22,3.200297589306496e+20,353087.27301475604,90734.41967329079,91.2,1.4643405051260292e-07,321346.1305787543,82006.85261740221,83.0,1.6089815514155874e-07,273319.72541540605,68799.61928392597,70.6,1.8917039190427065e-07,196666.34305254841,44348.671850602754,50.8,2.629021253432516e-07,133148.6900347585,31711.485492682637,34.4,3.8831774881527303e-07,83640.35956296034,24125.768736251874,21.6,6.181704603156301e-07,nan,nan,0.0,inf
seed3_792at_LLZO110ct_vac1pfu,700.0,5,970.0,1.2385892910183933e-07,5.304634001927359e-08,1.2227685624289452e-07,4.983160810816643e-08,1.2702307481972896e-07,7.877546286310125e-08,0.6089431029364794,0.11482343030184208,20.339993311430725,7.451432329402825,0.8656569095426125,0.20435421341998605,71.0,1.0,0.7744904104450407,3.4115078292950525,-0.02501485821783478,0.25486088891025144,-0.9438725701522811,0.8917568866443276,0.9241187549357456,0.13793532255277066,2.374247437198544e+22,2.6927225292274496e+20,713532.8887603718,109247.69721084244,184.2,8.453896629599917e-08,614401.2813429696,85115.04055923587,158.6,9.817904790522005e-08,492068.17028969136,66815.3832991829,127.0,1.2258734963183558e-07,342448.5347622078,30706.173460859605,88.4,1.7614714828868056e-07,213789.83083503242,22515.157153697062,55.2,2.8215248872405916e-07,134754.4038534609,27384.77712532457,34.8,4.4763904636168046e-07,nan,nan,0.0,inf
seed3_792at_LLZO110ct_vac1pfu,800.0,5,968.0,2.4337026359327436e-07,8.079438946733204e-08,2.5061222672803956e-07,7.565688349252942e-08,2.288863373237439e-07,9.515598821130459e-08,0.7370828934108762,0.08496241220566941,38.43202089226174,11.870525485687557,0.6132427934591007,0.08910512186124103,73.0,1.8708286933869707,1.4342094271804309,4.33354992598966,-0.12443116779245149,0.3928692631212412,-0.541714976093022,1.2554077713849268,1.0433522307337613,0.2110073793473474,2.4150987000543357e+22,4.161446213602488e+20,1280169.489218813,195752.39235403275,329.8,5.385120226390324e-08,1058915.2112155613,115259.63537700112,272.8,6.510310303018802e-08,826792.3020121501,118882.58507467351,213.0,8.338087561800607e-08,503838.6892074042,54716.17810230135,129.8,1.3682686060581888e-07,300440.0196044151,46628.34343079025,77.4,2.2945899879373762e-07,155266.16000228171,36926.75207410442,40.0,4.440031626658823e-07,nan,nan,0.0,inf
seed4_1378at_Li111_LLZO001_vac0p5pfu,500.0,5,1114.0,2.7254055694746817e-08,1.0964797263899505e-08,1.5762164866010742e-08,4.981179138136288e-09,5.023783735221897e-08,2.466515889579191e-08,0.3614770509811291,0.08466781599245905,8.135048866691164,2.6211511021654355,1.3392978820852792,0.21860913382567534,99.4,8.324662155306964,4.880465928645316,3.158860723791608,-0.019497655788141728,0.13711100361562237,-0.5712460565700233,0.9172548954255754,0.7192211840762457,0.055199363822733556,2.705220511127407e+22,1.8112048858447104e+21,68742.17014443502,19762.439022787956,58.4,6.267865302982154e-07,65918.36066667041,17102.687718906287,56.0,6.53636799735911e-07,64028.06500110024,17487.772357637332,54.4,6.729340689783395e-07,55329.075125053154,15083.878427492264,47.0,7.787346203170174e-07,47329.05720609282,9170.886336673451,40.2,9.103639255348049e-07,36491.268984659095,7074.100253476608,31.0,1.1807390509799373e-06,15544.912952414108,3287.0975153001896,13.2,2.7717534631359057e-06
seed4_1378at_Li111_LLZO001_vac0p5pfu,600.0,5,978.0,1.010129766374979e-07,2.2531296915534762e-08,6.197853903399801e-08,1.8986514358028545e-08,1.7908185184449768e-07,4.003649519867033e-08,0.5920410823891837,0.06664092613509569,25.158002065591283,4.295126999824786,0.7447274943242587,0.06832546917187357,107.0,2.23606797749979,5.372280085950286,2.8518141593856163,0.0401920875736575,0.12824259596423992,-1.6888721283685009,0.6367258302954732,0.8295982351351234,0.07142803099312324,2.8154961651604356e+22,6.201210858041748e+20,189542.4090253177,34379.21646873088,139.4,2.7278327756768017e-07,170506.58602420977,27892.117616340372,125.4,3.032375509803398e-07,152558.52433745083,26841.62627293795,112.2,3.3891255697802687e-07,125364.49147872519,19642.86567722786,92.2,4.124293806175121e-07,95994.9359913015,16333.407142756927,70.6,5.386117406931249e-07,64993.738532354284,11908.067953431324,47.8,7.955227801869166e-07,nan,nan,0.0,inf
seed4_1378at_Li111_LLZO001_vac0p5pfu,700.0,5,978.0,3.805431987164836e-07,5.33888340941424e-08,3.0422584956647387e-07,7.418246086087704e-08,5.331778970165033e-07,5.2337891416900594e-08,0.7757156943703423,0.031082541843690394,81.42945760026487,13.945479184686345,0.4133279593490856,0.03247888675901105,101.0,5.612486080160912,2.5491759545352783,4.764928932038027,0.08386723320780262,0.12631953169085994,-2.022329877365422,0.8783875701235642,1.0631780696440607,0.10955087208819417,2.7190965234593616e+22,1.1663242662485968e+21,480518.56061368214,74910.79968536807,353.4,1.2553382486820516e-07,432113.1821251504,67503.4010877866,317.8,1.3959614131033263e-07,386971.0875796659,57939.88490892801,284.6,1.5588072279839673e-07,290704.2112597771,38318.50561553305,213.8,2.075007189355646e-07,196340.91723999914,32867.11356849971,144.4,3.0722751875639685e-07,112311.35570653691,5816.599574305106,82.6,5.370902386007712e-07,nan,nan,0.0,inf
seed4_1378at_Li111_LLZO001_vac0p5pfu,800.0,5,972.0,1.0917397522472445e-06,2.3179615066022815e-07,9.881052742051672e-07,1.9453517980908786e-07,1.2990087083313985e-06,3.308753884207229e-07,0.8681001220837246,0.050981094934635984,215.88273360269787,46.622330829651034,0.25581094064285886,0.030624168480772776,95.6,4.979959839195494,2.5939097013157353,4.259762543507175,-0.014393714705056012,0.08837897702024787,-0.9084980025449655,0.7210494026959994,1.28922177708188,0.05923775530585703,2.737761614259246e+22,9.44064293070361e+20,969460.3789167616,122266.19801589948,708.2,7.111034921615823e-08,843218.660571626,98174.44414179168,616.0,8.175657076809212e-08,712357.0895936012,76589.79988284581,520.4,9.677543342108017e-08,442975.757093788,25953.230132276658,323.6,1.5562627297774247e-07,257347.03307389878,14372.961912163426,188.0,2.678821095100942e-07,123494.11848141425,8426.747681619501,90.2,5.582344077898349e-07,nan,nan,0.0,inf
unseen_2frames_dftfe_labelled_idx0,500.0,5,1098.0,9.553545033149417e-09,1.273445544859581e-08,6.937943353656162e-09,8.441677253779793e-09,1.4784748392135928e-08,2.153336460649483e-08,0.1610626317309801,0.17882840138772502,1.8018071370257052,1.1602817036651782,3.0662096814212565,0.8365594623345125,42.4,1.140175425099138,0.7282666791214721,0.8543907977608111,-0.009196651299530678,0.009363829497784405,-1.2421161253222455,1.600247814582336,0.22707853760484026,0.003979979749106811,2.5161815636358323e+22,7.568586284149097e+20,10503.733157974115,7845.179439050996,2.2,4.102033597196813e-06,10503.733157974115,7845.179439050996,2.2,4.102033597196813e-06,10503.733157974115,7845.179439050996,2.2,4.102033597196813e-06,10503.733157974115,7845.179439050996,2.2,4.102033597196813e-06,10503.733157974115,7845.179439050996,2.2,4.102033597196813e-06,10503.733157974115,7845.179439050996,2.2,4.102033597196813e-06,nan,nan,0.0,inf
unseen_2frames_dftfe_labelled_idx0,600.0,5,958.0,1.0411597826571091e-08,1.3276547008988796e-08,1.3103934426305645e-08,1.7817985876918708e-08,5.026924627101972e-09,4.838906562332968e-09,0.15683718683665077,0.18420201998370522,2.0431426151779943,1.152446590571242,2.8480242340524313,0.7734964896285336,43.2,1.3038404810405297,0.13933464095024145,0.25507861180323843,0.0008554681064207239,0.015759521673068974,-0.034591680189980004,0.2993243357331357,0.25341488900123255,0.002038998108132677,2.55480511384953e+22,5.5801759858151444e+20,51091.90313798216,16844.501638907186,9.2,1.0119803020914054e-06,48870.51604502641,15902.711454606002,8.8,1.0579794067319238e-06,48870.51604502641,15902.711454606002,8.8,1.0579794067319238e-06,46649.12895207066,14481.672079283222,8.4,1.1083593784810631e-06,43317.04831263705,15902.711454606004,7.8,1.1936177922103753e-06,38874.27412672556,16660.403197168096,7.0,1.3300312541772754e-06,nan,nan,0.0,inf
unseen_2frames_dftfe_labelled_idx0,700.0,5,958.0,7.96073566032615e-08,7.0210443360787e-08,8.931635040336184e-08,8.170023122424086e-08,6.018936900306077e-08,4.8891723637145786e-08,0.5192023516254529,0.18393963025577206,8.516543398833372,6.047396233275033,1.4238956345070732,0.3867061616583965,44.0,1.0,0.31495927647040933,0.4916297121086405,-0.013481898602319775,0.016450642570785927,0.19756866144267546,0.7218817349551626,0.2770141552446471,0.0018398155178601901,2.546763659450423e+22,3.668518923847875e+20,102183.80627596434,36753.720476101684,18.4,5.903218428866529e-07,98851.7256365307,39930.9391235351,17.8,6.1022033197272e-07,97741.03209005282,38193.971806121845,17.6,6.171546539269555e-07,93298.25790414134,36289.2665204914,16.8,6.465429707806199e-07,73305.77406753962,26459.228777526005,13.2,8.228728719026072e-07,52202.596684460026,17823.084460982216,9.4,1.1555236073525975e-06,nan,nan,0.0,inf
unseen_2frames_dftfe_labelled_idx0,800.0,5,958.0,1.968253459460978e-07,1.0476907252226257e-07,1.7770833582516043e-07,9.456007178344241e-08,2.3505936618797262e-07,1.4304769442675545e-07,0.7054075001873686,0.09619238733437266,18.709231341644482,9.310452964382554,0.904670628036097,0.17208120829036538,43.8,1.0954451150103321,0.9585011290144758,0.9416870439030844,-0.022392297117758142,0.01676708932107013,-0.47484324436209724,1.0347030683833864,0.30577623154452926,0.0021745025673088375,2.5908888545753494e+22,7.496139580155391e+20,332097.37039688404,78675.21511655534,59.8,2.0758570299310875e-07,309883.4994673265,67834.19325915015,55.8,2.2246639854817036e-07,286558.9349912912,62658.2779104407,51.6,2.405741286625563e-07,224360.09638853036,44704.55289770723,40.4,3.0726794650960153e-07,179932.35452941543,42037.953338307634,32.4,3.831365752774044e-07,105515.88691539795,21508.488041244276,19.0,6.533486862625212e-07,nan,nan,0.0,inf
unseen_2frames_dftfe_labelled_idx1,500.0,5,1106.0,4.3077428337289185e-09,5.8601185176214755e-09,3.5711415299663235e-09,4.777938985150186e-09,5.780945441254109e-09,8.255047360696333e-09,0.09614424945697998,0.1294376584566485,2.0056029570891774,0.8174126284260271,2.7372436592877136,0.5107747099981559,68.8,1.0954451150103321,-0.1554642561478384,0.3667683466626817,0.0043544954090713765,0.020905856682993905,-0.616171191009051,0.36011555619997376,0.598798334642443,0.1021007282410473,2.531786331254922e+22,4.019220595415246e+20,85034.36823329148,32539.019755250374,25.4,5.066970826641751e-07,85034.36823329148,32539.019755250374,25.4,5.066970826641751e-07,82346.94298671448,30945.328313527527,24.6,5.232333435492733e-07,70955.52879347203,27400.417430112495,21.2,6.072347996364169e-07,61576.33430130569,23011.26583916969,18.4,6.997276924470377e-07,48874.69982334126,15355.315417029751,14.6,8.815740345360229e-07,28411.55080597308,5789.441119737627,6.8,1.5165193411737916e-06
unseen_2frames_dftfe_labelled_idx1,600.0,5,970.0,2.2407437553535962e-08,1.0079546864558121e-08,2.1481087154356316e-08,1.2776276144610565e-08,2.4260138351895263e-08,9.82227689793775e-09,0.3248163722812453,0.08770473405774269,5.00751600309588,1.3802356706350194,1.6912353708841767,0.2302669290201561,69.4,0.8944271909999159,0.8039531531283499,0.6845521885845623,0.0047280387327542205,0.022593300697481472,-0.7457688204570714,0.5700599139357692,0.7557711332021844,0.25396053328816404,2.547779344554876e+22,2.1791977682919028e+20,162516.62988849304,36681.638183890784,42.0,3.181459005609179e-07,160187.63748845883,38505.60869532948,41.4,3.227714721476254e-07,153209.50232480274,39248.153746798096,39.6,3.37472537848129e-07,141661.80272554423,25273.25914540958,36.6,3.6498193992470504e-07,116925.32156253832,12574.5391663674,30.2,4.421967703919956e-07,87504.32949012418,7738.551611437282,22.6,5.908736158916042e-07,nan,nan,0.0,inf
unseen_2frames_dftfe_labelled_idx1,700.0,5,968.0,1.5098497534719032e-07,8.357407162076952e-08,1.4953334071646746e-07,8.807438001029072e-08,1.5388824460863607e-07,8.258958185432646e-08,0.6751236519609313,0.17504060329193577,22.301151081616005,10.835863926526454,0.8731487658662219,0.3126162104737755,67.8,1.3038404810405297,2.9395653903342898,1.0859902842352227,-0.07370851075083126,0.10397964990133908,-0.7789458847612101,0.33332377344544833,1.2417406173690302,0.1747605019881387,2.483156304884003e+22,3.627546746251794e+20,380402.0920055902,27584.33446171981,98.0,1.5857255809495796e-07,363322.81440533925,27529.65782825476,93.6,1.6602682364643035e-07,347796.19840511103,26696.073621645442,89.6,1.7343873541636028e-07,288018.7268042326,13833.073402437267,74.2,2.0943545408768035e-07,219701.6164032286,18123.625010473563,56.6,2.7456025959904386e-07,156042.49080229312,12089.34267976306,40.2,3.865699177439274e-07,nan,nan,0.0,inf
unseen_2frames_dftfe_labelled_idx1,800.0,5,968.0,4.326516520131411e-07,2.2832634913937286e-07,4.14296433886189e-07,2.369265317612533e-07,4.6936208826704516e-07,2.1608566745713913e-07,0.8103414005807246,0.07059655218969554,62.56800446602432,31.908781373656677,0.5074351022558149,0.13060178700702596,68.6,0.8944271909999159,9.224207025808491,3.368945941530886,-0.11393675767015088,0.03560889005463247,-0.6153248611866543,0.6602832858645526,1.8718458602534487,0.23349588265427715,2.4783332116578284e+22,3.641836134457457e+20,761580.5148111918,48590.49453878918,196.2,9.052052245991484e-08,711895.3436104616,56955.91534868874,183.4,9.683820341676823e-08,640472.9100094121,42076.12670741768,165.0,1.0763713034324419e-07,485206.7500071304,30564.17416063858,125.0,1.4208101205308231e-07,312084.98160458624,25096.026359633895,80.4,2.2089709585367278e-07,187872.05360276086,13887.42753481843,48.4,3.66944762533787e-07,nan,nan,0.0,inf
