n,bucket,cell,T,rep,t_ns,md_step,source,pbc,natoms,n_close,dmin_LiLi,dmin_LiO,dmin_ZrO,dmin_LaO,dmin_OO,dmin_any,fmax,T_mobile,n_mobile,E_z,E_drift_meV_atom,ox_into_metal,metal_li_frac_above_if,detached,frozen_moved_A,zif_shift_A,fw_rms_A,vac_below_A,vac_above_A,rms_top,rms_3_8,rms_8_15,fails,image
1,0.0-0.5,seed4,500,2,0.38,190000,chunk1_76410,TTF,1378,0,2.0317426987975318,1.6579635180151244,1.8607020373106598,2.032195267647029,2.568800338531199,1.6579635180151244,3.1777383958003558,499.01110918859894,1151,0.028701734445812564,-26.53301886792453,2,0.9205020920502092,0,0.045975190862677096,0.4023326631323805,0.6790369879650008,9.42101479,10.066543581904298,1.5806365009930088,0.3691375359161312,0.24866755036668284,,img/01_seed4_T500_r2_0.38ns.png
2,0.0-0.5,seed3,700,4,0.402,201000,chunk1_76410,TTF,792,0,1.909757962188322,1.6360277138187151,1.8607768371167264,2.2052781275738225,2.567938161803737,1.6360277138187151,4.1795148473270665,728.9929630128604,664,1.2287752449870646,-123.06660353535354,3,0.8333333333333334,0,2.0350000001556623e-05,1.2058704707706553,0.8892394211233444,6.4104085,7.499999998535159,2.3201448757515144,0.7322600719164516,0.4460076235266283,,img/02_seed3_T700_r4_0.40ns.png
3,0.0-0.5,seed2,800,2,0.04,20000,chunk1_76410,TTF,536,0,1.9809752092382271,1.5923030099608677,1.897246724223639,2.165429978660086,2.538835879880076,1.5923030099608677,3.7048900901116975,799.5116781905206,450,-0.3421329939374034,-25.390625,0,0.9125,0,8.894759844224608e-07,0.5267386613568874,0.4175378576358973,17.36394501,17.999999995175784,0.8093401629773469,0.36617140819172883,0.2751692770781548,,img/03_seed2_T800_r2_0.04ns.png
4,0.0-0.5,idx0,600,4,0.048,24000,chunk1_76410,TTF,544,0,2.138164288882018,1.6555143149718818,1.9039560547605288,2.2739231903312174,nan,1.6555143149718818,3.82772058429016,615.9799322682826,456,-0.4433272597498748,9.363511029411764,0,0.98125,0,0.0023756999999999806,0.2641492646000003,0.24446315846108502,7.02896452,7.500000004492186,0.35167388226262447,0.23828446092299077,0.20939841189717906,,img/04_idx0_T600_r4_0.05ns.png
5,0.0-0.5,idx1,500,2,0.448,224000,chunk1_76410,TTF,816,0,1.9577551935671995,1.660460713565388,1.9149834681619595,2.211853599412328,nan,1.660460713565388,2.7727318179042832,503.60059037724,704,2.295635216464201,58.325674019607845,1,0.9870689655172413,0,0.021363589999999988,0.5192224533999905,0.663781185670122,6.64380455,5.970146182314451,1.5240257299811124,0.43118339323395993,0.345628675016996,,img/05_idx1_T500_r2_0.45ns.png
6,0.5-1.0,seed1,700,3,0.982,491000,chunk3_77147,TTF,420,0,2.1102678687179055,1.709461869314513,1.971547973592283,2.148487818116271,nan,1.709461869314513,3.007561983420088,687.818259579866,358,0.03747170885981084,-0.8928571428571428,1,0.9308176100628931,0,0.023413543136776568,0.49393126373184515,0.8023071091691205,8.95154381,9.389781947441406,1.9699186007774705,0.40057318469557973,0.32849246658847536,,img/06_seed1_T700_r3_0.98ns.png
7,0.5-1.0,seed3,600,4,0.662,331000,chunk2_76770,TTF,792,0,2.005017998355221,1.6715598913351892,1.8917758699510365,2.1230617374576575,nan,1.6715598913351892,3.7712399880496985,576.3636114073537,664,-1.2718968607272938,-0.3156565656565657,1,0.8625,0,2.0350000001556623e-05,0.5515787909706518,0.5409157915936535,6.5122323,7.499999998535159,1.321623807142707,0.4575595501516268,0.25917502108831525,,img/07_seed3_T600_r4_0.66ns.png
8,0.5-1.0,seed1,800,3,0.626,313000,chunk2_76770,TTF,420,0,1.9021738408783517,1.6496354864538116,1.964292048032178,2.1492795702465277,nan,1.6496354864538116,3.101654763360315,744.3917510081451,358,0.7075077896607642,-3.6086309523809526,1,0.9433962264150944,0,0.01492584313677625,0.3329509639318502,0.8164548023541459,8.90356445,9.389781947441406,2.0688197975728455,0.23989816679284562,0.2903243382420436,,img/08_seed1_T800_r3_0.63ns.png
9,0.5-1.0,seed2,700,0,0.74,370000,chunk2_76770,TTF,536,0,2.107822979935134,1.6105322027724782,1.894362317306646,2.2091470254560583,2.576143969415624,1.6105322027724782,3.071471963111567,699.0469284750981,450,0.6269914102176801,1.545009328358209,0,0.89375,0,8.894759844224608e-07,0.4826048263568907,0.5942679744549805,17.54223061,17.999999995175784,1.34731157533874,0.3163123327165931,0.3514840820012536,,img/09_seed2_T700_r0_0.74ns.png
10,0.5-1.0,idx0,800,0,0.986,493000,chunk3_77147,TTF,544,0,2.012655549889878,1.620744926178321,1.917008874037133,2.2065572101117916,2.5904615193183704,1.620744926178321,3.8957737033925155,837.004644853884,456,0.21299708193997743,-7.49655330882353,0,0.91875,0,0.0488844799999999,0.5565161367999991,0.35671416423909946,6.37042332,7.500000004492186,0.5411100111235899,0.3974596665596314,0.31286372960307324,,img/10_idx0_T800_r0_0.99ns.png
11,1.0-1.5,idx1,600,2,1.42,710000,chunk3_77147,TTF,816,0,2.109007984187122,1.6488899299783848,1.9149834681619595,2.1974709617017325,nan,1.6488899299783848,4.511535483909925,596.8639391177577,704,0.12424829779832017,2.7573529411764706,3,0.9439655172413793,0,0.038508130000000675,0.33326931159999873,0.648710485370891,5.62943316,5.970146182314451,1.2369066543929672,0.30237155303229013,0.25831390988277575,,img/11_idx1_T600_r2_1.42ns.png
12,1.0-1.5,seed4,600,0,1.004,502000,chunk3_77147,TTF,1378,0,1.9390209939757101,1.6498557189107277,1.847144232555904,2.0350823095380797,2.5520620998663,1.6498557189107277,3.582371409471913,602.7304585596617,1151,0.9555285759251765,0.18142235123367198,4,0.8410041841004184,0,0.12146996086267592,0.4220157331323726,0.8886932118695166,8.37075233,10.066543581904298,2.1731836147783667,0.3786099480465398,0.2719621055678284,,img/12_seed4_T600_r0_1.00ns.png
13,1.0-1.5,seed2,500,3,1.096,548000,chunk2_76770,TTF,536,0,2.1272353639343615,1.6068156831491094,1.9118777115343704,2.238467298125507,nan,1.6068156831491094,3.0894360732703086,481.2059344486417,450,0.9910884629043849,0.08745335820895522,0,0.91875,0,8.894759844224608e-07,0.49938316135688865,0.4828120268470563,17.68453026,17.999999995175784,1.1680575136220408,0.27540952431546273,0.24691539937896936,,img/13_seed2_T500_r3_1.10ns.png
14,1.0-1.5,idx0,700,1,1.136,568000,chunk3_77147,TTF,544,0,1.960597405180075,1.5774986001972346,1.891983775920636,2.1520148173266875,nan,1.5774986001972346,4.518601093438629,678.1829521379117,456,0.37528057294186495,0.0,0,0.925,0,0.05634507999999982,0.403491767200002,0.2977620596886578,6.64291477,7.500000004492186,0.35202195529568675,0.32318087979782867,0.3063225052069879,,img/14_idx0_T700_r1_1.14ns.png
15,1.0-1.5,seed3,800,3,1.414,707000,chunk3_77147,TTF,792,0,1.856372883061373,1.6405747157413362,1.84596043885479,2.082537055532479,2.530519397135349,1.6405747157413362,4.876173212381429,815.0679291467483,664,0.5453329544704387,-0.35511363636363635,2,0.825,0,2.0350000001556623e-05,0.6888663055706488,1.3219656923901966,6.49504995,7.499999998535159,3.603527477182959,0.4125602306310385,0.33144642760432647,,img/15_seed3_T800_r3_1.41ns.png
16,1.5-2.0,seed1,500,0,1.838,919000,chunk3_77147,TTF,420,0,2.1843539307476703,1.6388480477566452,1.99085903735719,2.146584955162524,2.541056193649682,1.6388480477566452,2.9371059394906216,466.03608596784807,358,0.06274332646293909,-0.8928571428571428,0,0.949685534591195,0,0.04382265313677624,0.15322051653185298,0.5498266440988986,9.85949326,9.389781947441406,1.2527817798579737,0.38584791226629045,0.3203966424447229,,img/16_seed1_T500_r0_1.84ns.png
17,1.5-2.0,seed4,800,3,1.512,756000,chunk3_77147,TTF,1378,0,2.000273590311469,1.5962976987544997,1.8148824908826322,2.0232710372380165,2.5412728816606194,1.5962976987544997,4.1956409740848954,822.2599929734225,1151,0.4364351973083851,3.9912917271407835,5,0.694560669456067,0,0.18292664086267507,0.7272254641323777,1.5584429388458956,8.4606514,8.464546201904298,3.5970019771759922,0.6451661581206456,0.3418312104546127,,img/17_seed4_T800_r3_1.51ns.png
18,1.5-2.0,idx1,700,3,1.548,774000,chunk3_77147,TTF,816,0,2.0627979737419118,1.617392807917702,1.9149834681619595,2.1930284163660554,nan,1.617392807917702,3.041143793904315,695.9454011843471,704,-0.6744907594765952,0.7276348039215687,5,0.9181034482758621,0,0.038508130000000675,0.6901540007999998,1.209697501837564,5.0908246,5.970146182314451,2.2447058399689928,0.4606943780037302,0.28648196367444534,,img/18_idx1_T700_r3_1.55ns.png
19,1.5-2.0,seed2,600,2,1.99,995000,chunk4_77158,TTF,536,0,2.1108401092444016,1.6360521760852744,1.928567442143581,2.1242788100945322,2.554194394112475,1.6360521760852744,3.3253681759329945,610.1625917256462,450,2.549346429886114,0.3498134328358209,0,0.88125,0,8.894759844224608e-07,0.8757841491568925,0.5198058450650175,17.55713463,17.999999995175784,1.2136053806894067,0.3513491815635885,0.2958002992809388,,img/19_seed2_T600_r2_1.99ns.png
20,1.5-2.0,idx0,500,0,1.896,948000,chunk3_77147,TTF,544,0,2.0279535042640817,1.6758827952050717,1.9188188414991991,2.2735524731641497,nan,1.6758827952050717,3.479016926270053,476.06291690431283,456,-0.2950897072710104,-2.2690716911764706,0,0.9875,0,0.09423933000000062,0.24992158919999952,0.1973505542358959,6.95355082,7.500000004492186,0.23373627744437964,0.20560621656996766,0.20364123441190807,,img/20_idx0_T500_r0_1.90ns.png
21,2.0-2.5,seed4,700,2,2.008,1004000,chunk4_77158,TTF,1378,0,2.0209159866382134,1.620432839269335,1.783684305042837,1.9877319325421061,2.5273976082041947,1.620432839269335,4.369689138325333,740.1454796514463,1151,-0.2853614751631749,-3.9912917271407835,6,0.7531380753138075,0,0.2429318208626761,0.7244439781323813,1.2790852164305122,8.37268066,10.066543581904298,3.285436338375529,0.47126109309818176,0.3340933154432477,,img/21_seed4_T700_r2_2.01ns.png
22,2.0-2.5,seed1,600,1,2.228,1114000,chunk4_77158,TTF,420,0,2.16254974927706,1.6534822670539524,1.93709799992992,2.097843548082686,nan,1.6534822670539524,4.815298369011676,602.5080043404644,358,1.2217191115047763,5.580357142857143,1,0.949685534591195,0,0.05312049313677613,0.39129019893184136,0.8239314847897279,9.7480135,9.389781947441406,2.085983111888094,0.24502495182861514,0.2651920826541442,,img/22_seed1_T600_r1_2.23ns.png
23,2.0-2.5,idx1,800,4,2.116,1058000,chunk4_77158,TTF,816,0,1.9900725667375576,1.668058537688749,1.9032307832479334,2.1575345841732467,2.481820682096859,1.668058537688749,5.015070167986195,813.5161627690442,704,1.4825440455822192,3.4849877450980395,6,0.8405172413793104,0,0.03851725999999989,1.2877877491999996,1.4628606197613423,4.79744053,5.970146182314451,4.328347692319676,0.4634695516566143,0.4221519865438519,,img/23_idx1_T800_r4_2.12ns.png
24,2.0-2.5,seed3,500,1,2.044,1022000,chunk3_77147,TTF,792,0,1.9406959177398178,1.6488740166941576,1.8594196030643197,2.251509092873697,nan,1.6488740166941576,3.258013398558593,495.8249226074593,664,-0.6744907594765952,-3.0381944444444446,0,0.85,0,2.0350000001556623e-05,0.31349933957065446,0.537938663899929,6.44032669,7.499999998535159,1.3592860220141327,0.2889874674726356,0.18023188457531233,,img/24_seed3_T500_r1_2.04ns.png
25,2.0-2.5,seed3,600,4,2.35,1175000,chunk4_77158,TTF,792,0,1.9679116893847532,1.664791131451639,1.8585505257294763,2.16909505091993,nan,1.664791131451639,3.549150648658145,613.2682744787097,664,-0.20609439872895965,-2.564709595959596,2,0.8416666666666667,0,2.0350000001556623e-05,0.7228772323706494,0.8420638807673756,6.49505568,7.499999998535159,2.3426035278361024,0.31910748238114156,0.23762615610791624,,img/25_seed3_T600_r4_2.35ns.png
26,2.5-3.0,idx0,700,3,2.702,1351000,chunk4_77158,TTF,544,0,2.063630838668855,1.6847848973105264,1.892492898076969,2.2171609954187788,2.5455035353449875,1.6847848973105264,2.882196609412682,700.46633244041,456,0.4731502342597011,2.096737132352941,0,0.93125,0,0.13460264000000066,0.2680333161999968,0.30309253428209043,6.79995632,7.500000004492186,0.46903302667187036,0.34346436582281686,0.23846822537668527,,img/26_idx0_T700_r3_2.70ns.png
27,2.5-3.0,idx1,800,3,2.512,1256000,chunk4_77158,TTF,816,0,2.0511323226129536,1.6330983133476027,1.848036818984158,2.1602746018431054,2.562334276707382,1.6330983133476027,5.32702256038818,849.0209354138763,704,-0.17192901712148503,-4.557291666666667,5,0.8275862068965517,0,0.03851725999999989,0.6353056003999953,1.7016348358076965,3.43647242,5.970146182314451,4.06021291328743,0.3314893220153605,0.2553059419618044,,img/27_idx1_T800_r3_2.51ns.png
28,2.5-3.0,seed4,500,2,2.748,1374000,chunk4_77158,TTF,1378,0,2.0897044157380096,1.633971538166248,1.7377261540363842,1.9349587217775306,2.5998227862545287,1.633971538166248,2.904744764706613,506.00756141153056,1151,-0.9339102823522087,-1.315312046444122,3,0.895397489539749,0,0.3278457977932412,0.2628442441323777,0.8209314731189644,9.33605385,10.066543581904298,1.9069156116504533,0.39325204046093076,0.2743380150560351,,img/28_seed4_T500_r2_2.75ns.png
29,2.5-3.0,seed1,600,1,2.996,1498000,chunk5_78381,TTF,420,0,2.0502458386159508,1.6614573817987461,1.9620546248610273,2.1440130038783813,nan,1.6614573817987461,2.989352439264672,603.5772184064573,358,0.5781349366942246,2.1949404761904763,0,0.949685534591195,0,0.0714310431367764,0.04640898953184802,0.8597205427359852,9.88851357,9.389781947441406,2.1757741547274927,0.34360794887459545,0.25304763552422627,,img/29_seed1_T600_r1_3.00ns.png
30,2.5-3.0,seed2,800,2,2.81,1405000,chunk4_77158,TTF,536,0,2.021409958800042,1.656478259392328,1.8965354515322703,2.0479753178145432,2.5263498343196864,1.656478259392328,4.028711526271085,805.718735363397,450,0.07588021044111697,-0.4955690298507463,0,0.83125,0,8.894759844224608e-07,0.4669346617568877,0.7977091985014529,16.25549698,17.999999995175784,1.9195869003612382,0.4320406203182559,0.28710125597300884,,img/30_seed2_T800_r2_2.81ns.png
31,3.0-3.5,seed1,700,0,3.298,1649000,chunk5_78381,TTF,420,0,2.1177798846926965,1.641179210956447,1.8722853708314051,2.1433426479898148,2.592183223974955,1.641179210956447,3.517598252660609,738.2669938507453,358,-1.6722911391981699,-13.355654761904761,2,0.9056603773584906,0,0.07863128313677636,0.3462185605318453,1.0690949214074483,8.51699734,9.389781947441406,2.7427827465748167,0.36685662672713315,0.2473605754340591,,img/31_seed1_T700_r0_3.30ns.png
32,3.0-3.5,idx1,500,4,3.026,1513000,chunk4_77158,TTF,816,0,2.0853821152460723,1.7191624323663133,1.9149834681619595,2.266493310144156,nan,1.7191624323663133,3.7054684261863686,476.96724324161676,704,-0.13054659860837325,0.0,2,0.9655172413793104,0,0.03851725999999989,0.23356037199999236,0.7811241415678781,5.50855112,5.970146182314451,1.7369529657193603,0.1951386200044051,0.18590971943889936,,img/32_idx1_T500_r4_3.03ns.png
33,3.0-3.5,seed3,500,0,3.028,1514000,chunk4_77158,TTF,792,0,2.004580101193949,1.6742817792472038,1.8505617069325715,2.174804458084697,2.5322335858488656,1.6742817792472038,3.0988262000252926,471.23590006353936,664,0.4637123971401592,1.1047979797979797,1,0.8583333333333333,0,2.0350000001556623e-05,0.4328494627706476,0.5493418986933685,6.52182627,7.499999998535159,1.3856124794211246,0.3044979211470909,0.27971436508588216,,img/33_seed3_T500_r0_3.03ns.png
34,3.0-3.5,seed4,800,3,3.156,1578000,chunk5_78382,TTF,1378,0,1.92597684317652,1.629272672672239,1.7212670337927456,1.9159264660655457,2.49077787392208,1.629272672672239,4.4837517738342285,773.2369262860086,1151,1.2244601479728958,2.630624092888244,6,0.6694560669456067,0,0.36024402269070066,0.6281425190342311,2.02307236751724,8.087174415588379,10.066543579101562,5.09516308485132,0.7446878017961529,0.3449770831204097,,img/34_seed4_T800_r3_3.16ns.png
35,3.0-3.5,seed2,700,3,3.162,1581000,chunk5_78381,TTF,536,0,2.0515738840587097,1.6534012018459003,1.9425271328606402,2.1600376196548994,nan,1.6534012018459003,3.4144509848910594,623.2648917424599,450,0.13489815189531904,-2.5652985074626864,0,0.86875,0,8.894759844224608e-07,0.2603749869568901,0.6812055636594837,16.43376923,17.999999995175784,1.541541089606064,0.38301164305469004,0.31289748636501663,,img/35_seed2_T700_r3_3.16ns.png
36,3.5-4.0,idx0,600,4,3.554,1777000,chunk5_78382,TTF,544,0,2.155165080479966,1.6267056819558214,1.9005786814379835,2.1726323361224957,nan,1.6267056819558214,3.7313568592071533,590.5276043814206,456,0.4368130632800807,-3.532858455882353,0,0.93125,0,0.16991147745361346,0.23799585527343936,0.20018184926380353,6.773090362548828,7.5,0.29305801811642557,0.19891885463143363,0.17610093943510147,,img/36_idx0_T600_r4_3.55ns.png
37,3.5-4.0,seed2,500,1,3.76,1880000,chunk5_78381,TTF,536,0,2.104496057724325,1.668481611941042,1.9288841561364365,2.247217830732107,nan,1.668481611941042,3.1257959609596115,497.062040899592,450,0.8259070524203207,3.002565298507463,0,0.875,0,8.894759844224608e-07,0.7246521739568905,0.443825105198076,17.71315765,17.999999995175784,1.0610114792631267,0.3105904694167075,0.2024269756306077,,img/37_seed2_T500_r1_3.76ns.png
38,3.5-4.0,idx0,800,2,3.524,1762000,chunk5_78382,TTF,544,0,1.8548022573273981,1.6379470140804104,1.8907528355067957,2.158601244326158,nan,1.6379470140804104,3.115943670272827,803.9438215343666,456,0.46342562385806885,5.19875919117647,0,0.86875,0,0.16839990366210955,0.4035075587646446,0.34004265372729653,6.103504657745361,7.5,0.4686562601028963,0.3820364936805504,0.3259790968996296,,img/38_idx0_T800_r2_3.52ns.png
39,3.5-4.0,seed4,700,0,3.506,1753000,chunk5_78382,TTF,1378,0,2.038186742971466,1.6394907185914793,1.699317462978125,1.8904278624454605,2.5462622204666476,1.6394907185914793,3.7468490600585938,706.6029794995833,1151,-0.6070416835289357,-0.045355587808417995,5,0.7405857740585774,0,0.40379642137234134,0.5284108829868686,1.3374451089421526,9.209829330444336,10.066543579101562,3.2816316529455873,0.5757856341837174,0.32360120984312213,,img/39_seed4_T700_r0_3.51ns.png
40,3.5-4.0,idx1,600,3,3.51,1755000,chunk5_78382,TTF,816,0,1.970896493710131,1.6549098746479685,1.9149834677236148,2.2350944071918764,2.57622523134563,1.6549098746479685,3.1942434310913086,610.565246863841,704,-2.0609439872895967,-8.003982843137255,3,0.9137931034482759,0,0.0385172626647945,0.5015274478853442,0.931573418660252,5.532482147216797,5.970146179199219,2.403861596450383,0.2705016547737067,0.253772001334275,,img/40_idx1_T600_r3_3.51ns.png
41,4.0-4.5,seed3,700,1,4.114,2057000,chunk6_78399,TTF,792,0,2.0024978664287163,1.6156517619688464,1.858620609958955,2.1879070089369086,2.552635695924575,1.6156517619688464,4.637386960646263,678.5415869927041,664,-0.05324927048499436,1.4204545454545454,4,0.8208333333333333,0,2.0350000001556623e-05,1.3148145673706537,1.1784357591553345,6.43222046,7.499999998535159,3.470188308712455,0.46900268155953545,0.29014089608430244,,img/41_seed3_T700_r1_4.11ns.png
42,4.0-4.5,seed1,800,1,4.318,2159000,chunk6_78399,TTF,420,0,2.0473639140839532,1.6623335368787824,1.9468485313958692,2.120446985337734,nan,1.6623335368787824,3.69770920041838,802.9787462770317,358,0.1791616079859706,-0.5580357142857143,3,0.8427672955974843,0,0.10294998313677617,1.0093652261318482,1.5418178541290528,7.26986074,9.389781947441406,3.89896210206758,0.42066776078501095,0.3045324486255102,,img/42_seed1_T800_r1_4.32ns.png
43,4.0-4.5,seed1,500,0,4.296,2148000,chunk6_78399,TTF,420,0,2.1847285502845755,1.6742728544598662,1.9526853905720822,2.14112852042205,nan,1.6742728544598662,3.241420199589868,527.2061450313471,358,-0.6431190962451256,1.5625,1,0.9559748427672956,0,0.1024259331367765,0.11696372513184627,0.678660625281887,9.69426441,9.389781947441406,1.683934009919606,0.31184375705261436,0.24960580418578937,,img/43_seed1_T500_r0_4.30ns.png
44,4.0-4.5,seed2,600,1,4.208,2104000,chunk6_78399,TTF,536,0,2.1189383257362118,1.6378067467544295,1.9203947404362636,2.1831506752594514,nan,1.6378067467544295,3.70508357639381,645.0908526865109,450,0.2623019620186759,1.7490671641791045,0,0.89375,0,8.894759844224608e-07,0.16487121755688605,0.492290750011955,17.61565781,17.999999995175784,1.0418920259314701,0.3255070827345799,0.3054231867006766,,img/44_seed2_T600_r1_4.21ns.png
45,4.0-4.5,seed3,800,1,4.362,2181000,chunk6_78399,TTF,792,0,2.0163019133783733,1.5663033268447324,1.8263024370768677,2.1695380963331266,2.5663936796077356,1.5663033268447324,6.0003988940288036,796.0147265684949,664,-0.6457890250307826,-1.1047979797979797,4,0.8291666666666667,0,2.0350000001556623e-05,1.262391778770656,1.4600891924853183,6.45135641,7.499999998535159,4.435185870881962,0.5189654025549117,0.37717295272619605,,img/45_seed3_T800_r1_4.36ns.png
46,4.5-5.0,seed3,600,4,4.786,2393000,chunk6_78399,TTF,792,0,1.8774953465262778,1.650422709035487,1.9306902951078673,2.2114269491853253,nan,1.650422709035487,3.335589274558672,590.2783782574629,664,-1.2718968607272938,-6.510416666666667,1,0.8375,0,2.0350000001556623e-05,0.4425950225706501,0.8151952383705149,6.43093824,7.499999998535159,2.169111236574961,0.3039073285709831,0.1834427926597975,,img/46_seed3_T600_r4_4.79ns.png
47,4.5-5.0,seed2,700,1,4.924,2462000,chunk6_78399,TTF,536,0,2.09810334880428,1.6559134046367676,1.9203174219837058,2.2117501193032947,nan,1.6559134046367676,3.2775700261098617,714.2919203712444,450,0.5738204968681482,-1.8073694029850746,0,0.8625,0,8.894759844224608e-07,0.10506553715688938,0.7630769657023903,17.61950493,17.999999995175784,1.8199033777013387,0.2996497207930375,0.27296007699621144,,img/47_seed2_T700_r1_4.92ns.png
48,4.5-5.0,seed1,500,3,4.72,2360000,chunk6_78399,TTF,420,0,2.114033316449533,1.6600465780268183,1.8966620348234917,2.14018842406698,nan,1.6600465780268183,3.2118382098073104,528.5723786303924,358,-1.111797955181201,-6.4732142857142865,1,0.9433962264150944,0,0.1125348831367763,0.03609076873184591,0.855146879048487,9.0442934,9.389781947441406,2.2144029030278287,0.22264293267443527,0.16909661407863408,,img/48_seed1_T500_r3_4.72ns.png
49,4.5-5.0,seed3,500,4,4.694,2347000,chunk6_78399,TTF,792,0,1.9983502575854377,1.6187119290408034,1.8832119725510506,2.2376234829277784,2.559277364080651,1.6187119290408034,4.316927526629411,490.4139322092826,664,-0.7907822697311806,-1.8150252525252526,0,0.85,0,2.0350000001556623e-05,0.2551994659706551,0.4590792647872841,6.46516037,7.499999998535159,1.0298237793302312,0.4052750286134559,0.2990957517052159,,img/49_seed3_T500_r4_4.69ns.png
50,4.5-5.0,seed1,700,4,4.542,2271000,chunk6_78399,TTF,420,0,2.0866015768069084,1.619593055058254,1.9746340759348489,2.140583089760212,2.5657150209391197,1.619593055058254,3.0458137080144385,711.4493051626607,358,0.543944160868222,-4.2038690476190474,1,0.9119496855345912,0,0.10829055313677617,0.4193673603318473,1.025255595325829,8.64655304,9.389781947441406,2.5948438746945928,0.3817791698077129,0.3467898262052443,,img/50_seed1_T700_r4_4.54ns.png
